URL,Country,Region,City,Postcode,Road,Road number
https://embcmonroe.org,United States,Union County,Monroe,28112.0,Maurice Street,503
https://embcmonroe.org,United States,Union County,Monroe,28112.0,Maurice Street,503
https://embcmonroe.org/connect-with-us/,United States,Union County,Monroe,28112.0,Maurice Street,503
https://casepaper.com/contact-us/,United States,Philadelphia County,Philadelphia,19134.0,East Tioga Street,499
https://casepaper.com/contact-us/,United States,San Bernardino County,Rancho Cucamonga,91730.0,Hermosa Avenue,9168
https://casepaper.com/contact-us/,United States,Cook County,Chicago,60609.0,West 45th Street,900
https://casepaper.com/contact-us/,United States,Guilford County,High Point,27263.0,Brevard Road,2018
https://casepaper.com/contact-us/,United States,Ripley County,Osgood,47037.0,Railroad Avenue,604
https://neutresalon.com/contact/,United States,Frederick County,Frederick,21701.0,South Market Street,101
https://atlanticbeach-nc.com,United States,Carteret County,Atlantic Beach,28512.0,West Fort Macon Road,125
https://kiddsmith.com/home,United States,Spartanburg County,,29316.0,Riviera Drive,117
https://kiddsmith.com/home,United States,Spartanburg County,,29316.0,Riviera Drive,117
https://kiddsmith.com,United States,Spartanburg County,,29316.0,Riviera Drive,117
https://kiddsmith.com,United States,Spartanburg County,,29316.0,Riviera Drive,117
https://jackiescleaning.com/contact-us/,United States,Androscoggin County,Lewiston,4240.0,Crowley Road,116
https://jackiescleaning.com/contact-us/,United States,Androscoggin County,Lewiston,4240.0,Crowley Road,116
https://jackiescleaning.com,United States,Androscoggin County,Lewiston,4240.0,Crowley Road,116
https://fcllp.com,United States,New York County,City of New York,10035.0,Lexington Avenue,570
https://fcllp.com,United States,South Central Connecticut Planning Region,New Haven,6510.0,Elm Street,59
https://unitedairconditioning.com/contact-us/,United States,Pinellas County,,33773.0,South Belcher Road,13150
https://unitedairconditioning.com/contact-us/,United States,Pinellas County,,33773.0,South Belcher Road,13150
https://unitedairconditioning.com,United States,Pinellas County,,33773.0,South Belcher Road,13150
https://habeggercorp.com/contact,United States,Hamilton County,,45241.0,Enterprise Park Drive,11413
https://habeggercorp.com,United States,Hamilton County,,45241.0,Enterprise Park Drive,11413
https://thegrindcoffeebar.com,United States,Hillsborough County,Tampa,33626.0,West Linebaugh Avenue,9532
https://thegrindcoffeebar.com,United States,Hillsborough County,Tampa,33626.0,West Linebaugh Avenue,9532
http://blackriverpallet.com/contact.html,United States,Ottawa County,,49464.0,East Roosevelt Avenue,410
https://rapidriverloggingcamp.com,United States,Hubbard County,,56470.0,County 18,
https://washingtonareafuelfund.org/contact/,United States,Frederick County,Frederick,21701.0,West 5th Street,223
https://washingtonareafuelfund.org/contact/,United States,Montgomery County,,20874.0,Aircraft Drive,20021
https://washingtonareafuelfund.org/contact/,United States,,Alexandria,22301.0,Mount Vernon Avenue,1804
https://washingtonareafuelfund.org/contact/,United States,Arlington County,Arlington,22204.0,South Glebe Road,518
https://washingtonareafuelfund.org/contact/,United States,Frederick County,Winchester,22601.0,Fort Collier Road,
https://washingtonareafuelfund.org/contact/,United States,Loudoun County,Leesburg,20175.0,Cardinal Park Drive Southeast,10
https://luckyprints.com/contact/,United States,Cook County,Chicago,60612.0,West Carroll Avenue,2023
https://sczc.org,United States,Santa Cruz County,Santa Cruz,95060.0,School Street,113
https://sczc.org/contact,United States,Santa Cruz County,Santa Cruz,95060.0,School Street,113
https://clovispointsolutions.com,United States,Fairfax County,Reston,20191.0,Lake Chapel Lane,11169
https://ksafe.com,United States,East Baton Rouge Parish,,70714.0,Main Street,1618
https://hodgepodgebakeshop.weebly.com,United States,Muskegon County,,49441.0,McCracken Street,3361
https://enhancedlandscape.com/contact-us/,United States,Sacramento County,,95742.0,Luyung Drive,3373
https://enhancedlandscape.com/contact-us/,United States,Ventura County,Ventura,93001.0,North Ventura Avenue,2038
https://enhancedlandscape.com/contact-us/,United States,,Santa Clarita,1387.0,Sierra Highway,
https://enhancedlandscape.com/contact-us/,United States,Ventura County,Thousand Oaks,91362.0,East Thousand Oaks Boulevard,1938
https://enhancedlandscape.com/contact-us/,United States,Kern County,Bakersfield,93308.0,Gulf Street,3302
https://enhancedlandscape.com/contact-us/,United States,Fresno County,,93611.0,North Dewitt Avenue,
https://heavenlysunshine.com,United States,DeSoto County,Southaven,38671.0,Southview Street,9170
https://heavenlysunshine.com/contact/,United States,DeSoto County,Southaven,38671.0,Southview Street,9170
https://tristatecontainer.com,United States,Bucks County,,19020.0,Bridgewater Road,1440
https://tristatecontainer.com,United States,Bucks County,,19154.0,State Road,
https://naceyes.com,United States,Nacogdoches County,Nacogdoches,75965.0,North University Drive,3208
https://naceyes.com/contact/,United States,Nacogdoches County,Nacogdoches,75965.0,North University Drive,3208
https://naceyes.com/contact/,United States,Nacogdoches County,Nacogdoches,75965.0,North University Drive,3208
https://postermuseum.com/pages/contact-us,United States,New York County,City of New York,10007.0,Chambers Street,122
https://postermuseum.com/pages/contact-us,United States,New York County,City of New York,10007.0,Chambers Street,122
https://postermuseum.com,United States,New York County,City of New York,10007.0,Chambers Street,122
https://gardenplaincoop.com/pages/contact.php,United States,Sedgwick County,Cheney,67025.0,East South Avenue,106
https://gardenplaincoop.com/pages/contact.php,United States,Kingman County,,,Southeast Burns Avenue,
https://wisr.edu/home/contact/,United States,Alameda County,Berkeley,94707.0,San Pedro Avenue,1812;1820
https://wisr.edu/home/contact/,United States,Alameda County,Berkeley,94707.0,San Pedro Avenue,1812;1820
https://wisr.edu/home/degree-programs/edd-education-program/,United States,Alameda County,Berkeley,94707.0,San Pedro Avenue,1812;1820
https://wisr.edu/home/degree-programs/ms-education-program/,United States,Alameda County,Berkeley,94707.0,San Pedro Avenue,1812;1820
https://wisr.edu/home/educational-seminars/,United States,Alameda County,Berkeley,94707.0,San Pedro Avenue,1812;1820
https://wisr.edu/home/student-services/,United States,Alameda County,Berkeley,94707.0,San Pedro Avenue,1812;1820
https://wisr.edu/home/student-services/student-records-diplomas-transcripts/,United States,Alameda County,Berkeley,94707.0,San Pedro Avenue,1812;1820
https://wisr.edu/home/degree-programs/mft-lpcc-program/,United States,Alameda County,Berkeley,94707.0,San Pedro Avenue,1812;1820
https://wisr.edu,United States,Alameda County,Berkeley,94707.0,San Pedro Avenue,1812;1820
https://wisr.edu/home/degree-programs/continuing-education-ceus/,United States,Alameda County,Berkeley,94707.0,San Pedro Avenue,1812;1820
https://wisr.edu/home/consumer-disclosures/,United States,Alameda County,Berkeley,94707.0,San Pedro Avenue,1812;1820
https://wisr.edu/home/consumer-disclosures/,United States,Alameda County,Berkeley,94707.0,San Pedro Avenue,1812;1820
https://wisr.edu/home/about/,United States,Alameda County,Berkeley,94707.0,San Pedro Avenue,1812;1820
https://wisr.edu//contact/,United States,Alameda County,Berkeley,94707.0,San Pedro Avenue,1812;1820
https://wisr.edu//contact/,United States,Alameda County,Berkeley,94707.0,San Pedro Avenue,1812;1820
https://wisr.edu/home/student-services/career-resources/,United States,Alameda County,Berkeley,94707.0,San Pedro Avenue,1812;1820
https://wisr.edu/home/about/center-child-family-development/,United States,Alameda County,Berkeley,94707.0,San Pedro Avenue,1812;1820
https://wisr.edu/home/degree-programs/,United States,Alameda County,Berkeley,94707.0,San Pedro Avenue,1812;1820
https://wisr.edu/home/admissions/tuition/,United States,Alameda County,Berkeley,94707.0,San Pedro Avenue,1812;1820
https://wisr.edu/home/admissions/tuition/,United States,Alameda County,Berkeley,94707.0,San Pedro Avenue,1812;1820
https://wisr.edu/home/faculty-profiles/,United States,Alameda County,Berkeley,94707.0,San Pedro Avenue,1812;1820
https://wisr.edu/home/admissions/,United States,Alameda County,Berkeley,94707.0,San Pedro Avenue,1812;1820
https://justaminutellc.com/contact-us/,United States,Maricopa County,Gilbert,,,
https://platformq.com,United States,Norfolk County,,2404.0,Crescent Road,100
https://winehausfw.com,United States,Tarrant County,Fort Worth,76110.0,Park Place Avenue,1628
https://vitalizechiropractic.com,United States,Saint Clair County,,62226.0,Benchmark Centre Drive,4980
https://vitalizechiropractic.com/contact/,United States,Saint Clair County,,62226.0,Benchmark Centre Drive,4980
https://vitalizechiropractic.com/contact/,United States,Saint Clair County,,62226.0,Benchmark Centre Drive,4980
https://vitalizechiropractic.com/contact/,United States,Saint Clair County,,62226.0,Benchmark Centre Drive,4980
https://stgcom.com,United States,Columbiana County,,44408.0,Wardingley Avenue,1401
https://stgcom.com/contact/,United States,Columbiana County,,44408.0,Wardingley Avenue,1401
https://stgcom.com/contact/,United States,Columbiana County,,44408.0,Wardingley Avenue,1401
https://www.inetmotors.com/contact,United States,Dallas County,,75234.0,Villa Creek Drive,2695
https://classicgardens.com,United States,Jefferson County,Birmingham,35215.0,Carson Road,1855
https://classicgardens.com,United States,Jefferson County,Birmingham,35215.0,Carson Road,1855
https://classicgardens.com/contact/,United States,Jefferson County,Birmingham,35215.0,Carson Road,1855
https://classicgardens.com/contact/,United States,Jefferson County,Birmingham,35215.0,Carson Road,1855
http://pswrehab.com/home/AdultDayPrograms,United States,Tulare County,Porterville,93257.0,West Poplar Avenue,194
http://pswrehab.com/home/adultdayprograms,United States,Tulare County,Porterville,93257.0,West Poplar Avenue,194
http://pswrehab.com/home/index,United States,Tulare County,Porterville,93257.0,West Poplar Avenue,194
http://pswrehab.com/home/employee,United States,Tulare County,Porterville,93257.0,West Poplar Avenue,194
http://pswrehab.com,United States,Tulare County,Porterville,93257.0,West Poplar Avenue,194
http://pswrehab.com/home/IndependentLivingProgram,United States,Tulare County,Porterville,93257.0,West Poplar Avenue,194
http://pswrehab.com/home/workprograms,United States,Tulare County,Porterville,93257.0,West Poplar Avenue,194
http://pswrehab.com/home/department,United States,Tulare County,Porterville,93257.0,West Poplar Avenue,194
http://pswrehab.com/home#services,United States,Tulare County,Porterville,93257.0,West Poplar Avenue,194
http://lnlconstruction.com/contact.html,United States,,Zillah,98953.0,Concord Street,231
https://weberortho.com/contact-weber-orthodontics/,United States,DuPage County,,60187.0,West Willow Avenue,210
http://rbhmedia.com,United States,Westchester County,,10522.0,Hatch Terrace,12
https://www.cantus-bahn.de/metamenu/impressum,Deutschland,,Kassel,34117,Franz-Ulrich-Straße,18
https://www.cantus-bahn.de/metamenu/datenschutz,Deutschland,Landkreis Kassel,,34369,Neue Straße,22
https://pastisani.com/impressum/,Deutschland,,Frankfurt am Main,60386,Orber Straße,30
https://pastisani.com/datenschutz/,Deutschland,Westerwaldkreis,,56410,Elgendorfer Straße,57
https://pastisani.com/datenschutz/,Deutschland,,Frankfurt am Main,60386,Orber Straße,30
https://marry-jim.com/impressum/,Deutschland,Hochtaunuskreis,,61462,Am Wacholderberg,9
https://weinanzeiger.com/impressum-p32,Österreich,Bezirk Mistelbach,Gemeinde Ulrichskirchen-Schleinbach,2123,Minister-Kraus-Straße,16
https://infinity-reisen.com/impressum/,Deutschland,Rems-Murr-Kreis,,70736,Schorndorfer Straße,27
https://infinity-reisen.com/impressum/,Deutschland,Rems-Murr-Kreis,,70736,Schorndorfer Straße,27
https://infinity-reisen.com/impressum/,Deutschland,Rems-Murr-Kreis,,70736,Schorndorfer Straße,27
https://infinity-reisen.com/impressum/,Deutschland,Rems-Murr-Kreis,,70736,Schorndorfer Straße,27
https://infinity-reisen.com/impressum/,Deutschland,Rems-Murr-Kreis,,70734,Sonnenbühlstraße,23
https://infinity-reisen.com/impressum/,Deutschland,Rems-Murr-Kreis,,70734,Sonnenbühlstraße,23
https://infinity-reisen.com,Deutschland,Rems-Murr-Kreis,,70736,Schorndorfer Straße,27
https://infinity-reisen.com/datenschutz/,Deutschland,Rems-Murr-Kreis,,70736,Schorndorfer Straße,27
https://infinity-reisen.com/datenschutz/,Deutschland,Rems-Murr-Kreis,,70736,Schorndorfer Straße,27
https://infinity-reisen.com/datenschutz/,Deutschland,Rems-Murr-Kreis,,70734,Sonnenbühlstraße,23
https://infinity-reisen.com/datenschutz/,Deutschland,Rems-Murr-Kreis,,70734,Sonnenbühlstraße,23
https://infinity-reisen.com/kontakt/,Deutschland,Rems-Murr-Kreis,,70736,Schorndorfer Straße,27
https://infinity-reisen.com/kontakt/,Deutschland,Rems-Murr-Kreis,,70736,Schorndorfer Straße,27
http://rtc-c.com,Deutschland,,Regensburg,93059,Maffeistraße,12
http://rtc-c.com,Deutschland,,Regensburg,93049,Augustenstraße,3
http://rtc-c.com,Deutschland,,Regensburg,93059,Maffeistraße,12
http://rtc-c.com,Deutschland,,Regensburg,93049,Augustenstraße,3
http://rtc-c.com,Deutschland,,Regensburg,93059,Maffeistraße,12
http://rtc-c.com,Deutschland,,Regensburg,93059,Maffeistraße,12
https://hopegala.de/kontakt,Deutschland,,Dresden,01277,Enderstraße,94
https://hopegala.de/impressum,Deutschland,,Dresden,01277,Enderstraße,94
https://hopegala.de/impressum,Deutschland,,Bonn,53111,Münsterstraße,18
https://hopegala.de/datenschutz,Deutschland,,Dresden,01277,Enderstraße,94
https://hopegala.de,Deutschland,,Dresden,01277,Enderstraße,94
https://schuhhause.de,Deutschland,Kreis Viersen,,47918,Kuhstraße,3
https://bdia.de/impressum/,Deutschland,,Berlin,10247,Bänschstraße,58
https://bdia.de/impressum/,Deutschland,,Berlin,10179,Wilhelmine-Gemberg-Weg,6
https://bdia.de/impressum/,Deutschland,,Berlin,10179,Wilhelmine-Gemberg-Weg,6
https://bdia.de/impressum/,Deutschland,,Berlin,10247,Bänschstraße,58
https://bdia.de,Deutschland,,Berlin,10179,Wilhelmine-Gemberg-Weg,6
https://www.winnerbatterien.de/Privatsphaere-und-Datenschutz,Deutschland,,Mannheim,68199,Casterfeldstraße,
https://www.winnerbatterien.de/Impressum,Deutschland,,Mannheim,68199,Casterfeldstraße,
https://begehbares-glas.com/datenschutz-2/,Deutschland,,Bielefeld,33659,Nordfeldweg,87
https://begehbares-glas.com/datenschutz-2/,Deutschland,,Berlin,10587,Pascalstraße,10
https://begehbares-glas.com/impressum/,Deutschland,,Bielefeld,33659,Nordfeldweg,87
https://begehbares-glas.com,Deutschland,,Bielefeld,33659,Nordfeldweg,87
https://begehbares-glas.com/en/home-en/,Deutschland,,Bielefeld,33659,Nordfeldweg,87
https://begehbares-glas.com/kontakt/,Deutschland,,Bielefeld,33659,Nordfeldweg,87
https://polizeioldtimer.de,Deutschland,Landkreis Marburg-Biedenkopf,,35043,Raiffeisenstraße,1
https://polizeioldtimer.de,Deutschland,Landkreis Marburg-Biedenkopf,,35043,Raiffeisenstraße,1
https://polizeioldtimer.de,Deutschland,Landkreis Marburg-Biedenkopf,Cyriaxweimar,35043,Cyriaxstraße,
https://polizeioldtimer.de,Deutschland,Landkreis Marburg-Biedenkopf,Cyriaxweimar,35043,Cyriaxstraße,
https://polizeioldtimer.de,Deutschland,Landkreis Marburg-Biedenkopf,Cyriaxweimar,35043,Cyriaxstraße,
https://polizeioldtimer.de,Deutschland,Kreis Düren,Müntz,52445,Raiffeisenstraße,
https://polizeioldtimer.de/impressum-datenschutz,Deutschland,Landkreis Marburg-Biedenkopf,,35043,Raiffeisenstraße,1
https://polizeioldtimer.de/impressum-datenschutz,Deutschland,Kreis Düren,Müntz,52445,Raiffeisenstraße,
https://polizeioldtimer.de/impressum-datenschutz,Deutschland,Landkreis Marburg-Biedenkopf,,35043,Raiffeisenstraße,1
https://polizeioldtimer.de/impressum-datenschutz,Deutschland,Kreis Düren,Müntz,52445,Raiffeisenstraße,
https://go-east.de/impressum,Deutschland,,Hamburg,22761,Woyrschweg,54
https://go-east.de/impressum,Deutschland,,Frankfurt am Main,60594,Walther-von-Cronberg-Platz,15
https://go-east.de/impressum#bildnachweis,Deutschland,,Hamburg,22761,Woyrschweg,54
https://go-east.de/impressum#bildnachweis,Deutschland,,Frankfurt am Main,60594,Walther-von-Cronberg-Platz,15
https://joest-racing.de/datenschutz/,Deutschland,Landkreis Neunkirchen,Eppelborn,66571,Bahnhofstraße,34
https://joest-racing.de/datenschutz/,Deutschland,,Hamburg,22525,Große Bahnstraße,14
https://joest-racing.de/datenschutz/,Deutschland,Kreis Bergstraße,Affolterbach,69483,Bahnstraße,14
https://joest-racing.de/impressum/,Deutschland,Kreis Bergstraße,Affolterbach,69483,Bahnstraße,14
https://gini.net/impressum/,Deutschland,,München,80339,Ridlerstraße,57
https://gini.net/datenschutz/,Deutschland,,München,80331,Marienplatz,2
https://gini.net/datenschutz/,Deutschland,,München,80331,Marienplatz,2
https://gini.net/datenschutz/,United States,Lamoille County,Cambridge,05444,St Pauli Hafenstrasse Road,32
https://gini.net/datenschutz/,Deutschland,,Münster,48153,Hafenstraße,32
https://gini.net/datenschutz/,Deutschland,,München,80339,Ridlerstraße,57
https://gini.net/datenschutz/,Deutschland,,Münster,48143,Marienplatz,
https://gini.net/datenschutz/,Deutschland,,München,80339,Ridlerstraße,57
https://academyconsult.de/unternehmen/impressum/,Deutschland,,München,80802,Leopoldstraße,62
https://academyconsult.de/impressum/,Deutschland,,München,80802,Leopoldstraße,62
https://academyconsult.de/unternehmen/datenschutz/,Deutschland,Landkreis Weißenburg-Gunzenhausen,Heidenheim,91719,Leopoldstraße,
https://academyconsult.de/unternehmen/datenschutz/,Deutschland,,München,81245,Industriestraße,
https://academyconsult.de/unternehmen/datenschutz/,Deutschland,,München,80802,Leopoldstraße,62
https://academyconsult.de/unternehmen/datenschutz/,Nederland,,Groningen,9744 BN,Industriestraat,25
https://academyconsult.de/unternehmen/datenschutz/,Deutschland,Landkreis Weißenburg-Gunzenhausen,Frickenfelden,91710,Industriestraße,25
https://academyconsult.de/unternehmen/datenschutz/,Deutschland,Börde,,39397,Leopoldstraße,
https://academyconsult.de/unternehmen/datenschutz/,Nederland,,Groningen,9723 JG,Kalmarweg,14-5
https://solaranlagen-portal.de/infoseiten/datenschutz,Deutschland,,Nürnberg,90402,Kressengartenstraße,10
https://solaranlagen-portal.de/infoseiten/impressum,Deutschland,,Nürnberg,90402,Kressengartenstraße,10
https://big-picture.com,Deutschland,,Berlin,10997,Köpenicker Straße,18-20
https://skalar.marketing/datenschutz,Deutschland,,Freiburg im Breisgau,79098,Augustinerplatz,2
https://skalar.marketing/datenschutz,Deutschland,Kreis Gütersloh,,33378,Hüfferstraße,54
https://www.bioanalyt.com/impressum/,Deutschland,Potsdam-Mittelmark,,14513,Rheinstraße,17b / 17
https://www.bioanalyt.com/contact/,Deutschland,Potsdam-Mittelmark,,14513,Rheinstraße,17b / 17
https://golocal.de/kontakt/,Deutschland,,München,80339,Landsberger Straße,94
https://golocal.de/impressum/,Deutschland,,München,80339,Landsberger Straße,94
https://ammt.com/contact/,Deutschland,,,67227,Anselm-Feuerbach-Straße,6
http://inbalance-yoga.net/Datenschutz.html,Deutschland,Landkreis Schwäbisch Hall,Hessental,74523,Swiggerweg,1
http://inbalance-yoga.net/impressum.php,Deutschland,Landkreis Schwäbisch Hall,Steinbach,74523,Auf dem Klingenberg,35
https://teamwire.eu/impressum/,Deutschland,,München,81679,Tittmoninger Straße,11
https://teamwire.eu/datenschutz/,Deutschland,,Köln,50672,Hohenzollernring,54
https://teamwire.eu/datenschutz/,Deutschland,,Berlin,10179,Köpenicker Straße,126
https://teamwire.eu/datenschutz/,Deutschland,,Berlin,13585,Hohenzollernring,
https://teamwire.eu/datenschutz/,Deutschland,,München,81679,Tittmoninger Straße,11
https://teamwire.eu/kontakt/,Deutschland,,München,81679,Tittmoninger Straße,11
https://realcube.com/datenschutz/,Deutschland,,München,80539,Stollbergstraße,22
https://realcube.com/datenschutz/,Deutschland,,München,81369,Grünstraße,
https://realcube.com/datenschutz/,Deutschland,,Berlin,12555,Grünstraße,17
https://realcube.com/datenschutz/,Deutschland,,Berlin,10719,Kurfürstendamm,21
https://realcube.com/impressum/,Deutschland,,München,80539,Stollbergstraße,22
https://frankfurt-holm.de/impressum/,Deutschland,,Frankfurt am Main,60549,Bessie-Coleman-Straße,7
https://frankfurt-holm.de/impressum/,Deutschland,,Frankfurt am Main,60549,Bessie-Coleman-Straße,7
https://frankfurt-holm.de/datenschutz/,Deutschland,,Frankfurt am Main,60549,Bessie-Coleman-Straße,7
https://frankfurt-holm.de/datenschutz/,Deutschland,,Frankfurt am Main,60549,Bessie-Coleman-Straße,7
https://frankfurt-holm.de/datenschutz/,Deutschland,,Berlin,10961,Solmsstraße,
https://frankfurt-holm.de/datenschutz/,Deutschland,,Berlin,10179,Köpenicker Straße,126
https://frankfurt-holm.de/datenschutz/,Deutschland,,Frankfurt am Main,60486,Solmsstraße,83
https://frankfurt-holm.de/datenschutz/,Deutschland,,Frankfurt am Main,60549,Bessie-Coleman-Straße,7
https://frankfurt-holm.de/datenschutz/,Deutschland,,Frankfurt am Main,60486,Solmsstraße,83
https://frankfurt-holm.de/datenschutz/,Deutschland,,Frankfurt am Main,60549,Bessie-Coleman-Straße,7
https://frankfurt-holm.de/kontakt/,Deutschland,,Frankfurt am Main,60549,Bessie-Coleman-Straße,7
https://kiwi-consulting.de/datenschutz,Deutschland,Landkreis Heilbronn,,74189,Haller Straße,54
https://kiwi-consulting.de/datenschutz,Deutschland,Westerwaldkreis,,56410,Elgendorfer Straße,57
https://kiwi-consulting.de/impressum,Deutschland,Landkreis Heilbronn,,74189,Haller Straße,54
https://kiwi-consulting.de/impressum,Deutschland,Rhein-Neckar-Kreis,,69190,Odenwaldstraße,14
https://kiwi-consulting.de/impressum,Deutschland,,Hamburg,20146,Hallerstraße,54
https://kiwi-consulting.de/impressum,Deutschland,,Hamburg,20255,Odenwaldstraße,14
https://sams-think-special.de/kontakt/,Deutschland,Landkreis München,,82166,Wandlhamerstraße,25
https://sams-think-special.de,Deutschland,Landkreis München,,82166,Wandlhamerstraße,25
https://sams-think-special.de/datenschutz/,Deutschland,Landkreis München,,82166,Wandlhamerstraße,25
https://aopn.com/content/7-Datenschutz,Deutschland,Schwarzwald-Baar-Kreis,,78056,Steinkirchring,35
https://aopn.com/content/5-impressum,Deutschland,Schwarzwald-Baar-Kreis,,78056,Steinkirchring,35
https://drehmoment-gmbh.de/impressum/,Deutschland,Landkreis Tübingen,,72070,Holzmarkt,7
https://drehmoment-gmbh.de/impressum/,Deutschland,Landkreis Tübingen,,72074,Doblerstraße,14
https://drehmoment-gmbh.de/impressum/,Deutschland,Landkreis Tübingen,,72074,Doblerstraße,14
https://drehmoment-gmbh.de/impressum/,Deutschland,Landkreis Tübingen,,72070,Holzmarkt,7
https://oezgen-senol.de/datenschutz/,Deutschland,Landkreis Nürnberger Land,,90537,Sonnenstraße,
https://haasehof.de/kontakt,Deutschland,Landkreis Rotenburg (Wümme),Fuhrenkamp,27419,Lindenstraße,5
https://haasehof.de/kontakt,Deutschland,Landkreis Rotenburg (Wümme),Fuhrenkamp,27419,Lindenstraße,5
https://haasehof.de,Deutschland,Landkreis Rotenburg (Wümme),Fuhrenkamp,27419,Lindenstraße,5
https://haasehof.de/datenschutz,Deutschland,Landkreis Rotenburg (Wümme),Fuhrenkamp,27419,Lindenstraße,5
https://haasehof.de/datenschutz,Deutschland,Landkreis Rotenburg (Wümme),Fuhrenkamp,27419,Lindenstraße,5
https://haasehof.de/impressum,Deutschland,Landkreis Rotenburg (Wümme),Fuhrenkamp,27419,Lindenstraße,5
https://haasehof.de/impressum,Deutschland,Landkreis Rotenburg (Wümme),Fuhrenkamp,27419,Lindenstraße,5
https://element.de/kontakt/,Deutschland,,Frankfurt am Main,60329,Wiesenhüttenplatz,25
https://element.de/kontakt/,Deutschland,Vogtlandkreis,,08523,Reichsstraße,3
https://element.de/kontakt/,Deutschland,,Dresden,01067,Wettiner Platz,
https://element.de/datenschutz/,Deutschland,,München,80802,Leopoldstraße,21
https://element.de/impressum/,Deutschland,,Frankfurt am Main,60329,Wiesenhüttenplatz,25
https://jazzradio.net/impressum/,Deutschland,,Berlin,10789,Passauer Straße,8-9
https://eps-personal.org/impressum,Deutschland,Schwarzwald-Baar-Kreis,Marbach,78052,Nelkenstraße,
https://eps-personal.org/impressum,Deutschland,Landkreis Böblingen,,71272,Robert-Bosch-Straße,9
https://eps-personal.org/impressum,Deutschland,Schwarzwald-Baar-Kreis,,78048,Robert-Bosch-Straße,9
https://eps-personal.org/impressum,Deutschland,Landkreis Tuttlingen,,78532,Nelkenstraße,36
https://eps-personal.org/impressum,Deutschland,Landkreis Tuttlingen,,78532,Werderstraße,16
https://eps-personal.org/impressum,Deutschland,Landkreis Böblingen,Malmsheim,71272,Nelkenstraße,36
https://eps-personal.org/impressum,Deutschland,Landkreis Tuttlingen,Wehingen,78564,Robert-Bosch-Straße,9
https://eps-personal.org/datenschutz,Deutschland,Landkreis Tuttlingen,,78532,Nelkenstraße,36
https://eps-personal.org/datenschutz,Deutschland,Landkreis Tuttlingen,,78532,Werderstraße,16
https://eps-personal.org/datenschutz,Deutschland,,Hamburg,20149,Werderstraße,
https://eps-personal.org/datenschutz,Deutschland,,Hamburg,20354,Dammtorstraße,30
https://eps-personal.org/datenschutz,Deutschland,Landkreis Böblingen,Malmsheim,71272,Nelkenstraße,36
https://aetka.de/datenschutz,Deutschland,,Berlin,10719,Kurfürstendamm,212
https://aetka.de/datenschutz,Deutschland,,Berlin,10719,Kurfürstendamm,21
https://studio-ahoi.de/datenschutz/,Deutschland,,Hamburg,22763,Große Brunnenstraße,120
https://studio-ahoi.de/impressum-kontakt/,Deutschland,,Hamburg,22763,Große Brunnenstraße,120
https://ctr-fahrzeuge.de/unternehmen/datenschutz/,Deutschland,Schwalm-Eder-Kreis,,34286,,
https://ctr-fahrzeuge.de/unternehmen/datenschutz/,Deutschland,Landkreis Bernkastel-Wittlich,Osann-Monzel,54518,Am Rosenberg,2
https://consulegis.com/contact-us,Deutschland,,Hamburg,22297,Brabandstraße,7
https://consulegis.com/contact-us,Deutschland,,Hamburg,20354,Poststraße,
https://leagasdelaney.de/kontakt,Deutschland,,Hamburg,22767,Große Elbstraße,145a
https://leagasdelaney.de/impressum,Deutschland,,Hamburg,22767,Große Elbstraße,145a
https://leagasdelaney.de/impressum,Deutschland,,Hamburg,22767,Große Elbstraße,145a
https://leagasdelaney.de,Deutschland,Sächsische Schweiz-Osterzgebirge,Dresden,01259,Zschierener Elbstraße,
https://leagasdelaney.de,Deutschland,,Hamburg,22767,Große Elbstraße,145a
https://cellsystems.eu,Deutschland,Rhein-Sieg-Kreis,,53844,Junkersring,5
https://cellsystems.eu/contact/,Deutschland,Rhein-Sieg-Kreis,,53844,Junkersring,5
http://dr-estrich.com,Deutschland,Landkreis Donau-Ries,,86609,Industriestraße,
https://makers.do,Deutschland,,Berlin,10178,Münzstraße,21
https://mobi-test.de/impressum-haftungsausschluss/,Deutschland,Kreis Bergstraße,,68623,Poststraße,49
https://mobi-test.de/impressum-haftungsausschluss/,Deutschland,Landkreis Aschaffenburg,Kleinostheim,63801,Alte Poststraße,
https://mobi-test.de/datenschutz/,Deutschland,Landkreis Aschaffenburg,Mainaschaff,63814,Carl-Bosch-Straße,
https://horst-busch.de/impressum/,Deutschland,Rheingau-Taunus-Kreis,Watzhahn,65232,Mainstraße,6
https://horst-busch.de/pelka-seib/impressum/,Deutschland,Rheingau-Taunus-Kreis,Watzhahn,65232,Mainstraße,6
https://horst-busch.de/elektro-technik/impressum/,Deutschland,Rheingau-Taunus-Kreis,Watzhahn,65232,Mainstraße,6
https://horst-busch.de,Deutschland,Kreis Steinburg,,25524,Emmy-Noether-Straße,
https://horst-busch.de/alarm-und-sicherheitstechnik/kontakt/,Deutschland,Kreis Steinburg,,25524,Emmy-Noether-Straße,
https://viridicon.de/kontakt/,Deutschland,Landkreis Cuxhaven,,27472,Präsident-Herwig-Straße,24
https://horst-busch.de/datenschutz/,Deutschland,,Hamburg,20354,Gänsemarkt,43
https://horst-busch.de/datenschutz/,Deutschland,Rheingau-Taunus-Kreis,Watzhahn,65232,Mainstraße,6
https://horst-busch.de/datenschutz/,Deutschland,,Hamburg,20354,Gänsemarkt,43
https://horst-busch.de/alarm-und-sicherheitstechnik/impressum/,Deutschland,Rheingau-Taunus-Kreis,Watzhahn,65232,Mainstraße,6
https://horst-busch.de/horst-busch-elektro-grosprojekte-gmbh/impressum/,Deutschland,Rheingau-Taunus-Kreis,Watzhahn,65232,Mainstraße,6
https://horst-busch.de/planung-personal-technik/impressum/,Deutschland,Rheingau-Taunus-Kreis,Watzhahn,65232,Mainstraße,6
https://horst-busch.de/planung-personal-technik/kontakt/,Deutschland,Kreis Steinburg,,25524,Emmy-Noether-Straße,
https://charcotfootcourses.org,Deutschland,Kreis Steinfurt,,48431,Frankenburgstraße,
https://poison-berlin.com/impressum/,Deutschland,,Berlin,10967,Planufer,92e
https://poison-berlin.com/kontakt/,Deutschland,,Berlin,10967,Planufer,92e
https://poison-berlin.com/datenschutz/,Deutschland,,Berlin,10967,Planufer,92e
https://paintballpark.de/datenschutz.html,Deutschland,Kreis Warendorf,,59229,Hammer Straße,341
https://paintballpark.de/impressum.html,Deutschland,Kreis Warendorf,,59229,Hammer Straße,341
https://tacalyx.com,Deutschland,,Berlin,12489,Magnusstraße,11
https://mylsp.de,Deutschland,Kreis Mettmann,,40880,Christinenstraße,7
https://mylsp.de/kontakt/,Deutschland,Kreis Mettmann,,40880,Christinenstraße,
https://mylsp.de/kontakt/,Deutschland,Kreis Mettmann,,40880,Christinenstraße,7
https://junges-uno-netzwerk.de,Deutschland,,Berlin,12163,Zimmermannstraße,26
https://flugsam.de/impressum,Deutschland,,Hamburg,20259,Fruchtallee,23
https://flugsam.de,Deutschland,,Hamburg,20259,Fruchtallee,23
https://voya.ai/kontakt/,Deutschland,,Hamburg,20355,Stadthausbrücke,5
https://voya.ai,Deutschland,,Hamburg,20355,Stadthausbrücke,5
https://voya.ai/datenschutz/,Deutschland,,Hamburg,20355,Stadthausbrücke,5
https://voya.ai/datenschutz/,Deutschland,,Hamburg,20355,Stadthausbrücke,5
https://voya.ai/impressum/,Deutschland,,Hamburg,20355,Stadthausbrücke,5
https://voya.ai/impressum/,Deutschland,,Hamburg,20355,Stadthausbrücke,5
https://atrium2000.com/index.php/datenschutz,Deutschland,Landkreis Merzig-Wadern,,66679,Waldstraße,22
https://atrium2000.com/index.php/datenschutz,Deutschland,Landkreis Roth,Gustenfelden,91189,Waldstraße,
https://atrium2000.com/index.php/impressum,Deutschland,Landkreis Roth,Pfaffenhofen (Roth),91154,Waldstraße,22
https://atrium2000.com/index.php/impressum,Österreich,Bezirk Korneuburg,Gemeinde Leobendorf,2105,Waldstraße,22
https://atrium2000.com/index.php/impressum,Deutschland,Landkreis Roth,Kiliansdorf,91154,Weinbergweg,1
https://atrium2000.com/index.php/impressum,Deutschland,,München,81825,Waldstraße,22
https://software-architecture-camp.de/impressum/,Deutschland,,Frankfurt am Main,60314,Schwedlerstraße,8
https://software-architecture-camp.de/datenschutz/,Deutschland,,Berlin,14193,Schwedlerstraße,8
https://software-architecture-camp.de/datenschutz/,Deutschland,,Berlin,10117,Albrechtstraße,10
https://fame-creativelab.com,Deutschland,Landkreis Dachau,Wagenhofen,85235,Landstraße,
https://fame-creativelab.com,Deutschland,,Frankfurt am Main,60314,Hanauer Landstraße,146
https://fame-creativelab.com,Deutschland,Ortenaukreis,Reichenbach,77723,Landstraße,
https://fame-creativelab.com/impressum/,Deutschland,,Frankfurt am Main,60316,Burgstraße,27
https://fame-creativelab.com/impressum/,Deutschland,,Frankfurt am Main,60314,Hanauer Landstraße,146
https://fame-creativelab.com/impressum/,Deutschland,,Frankfurt am Main,60316,Burgstraße,27
https://fame-creativelab.com/impressum/,Deutschland,,Frankfurt am Main,60316,Friedberger Landstraße,
https://fame-creativelab.com/en/home/,Deutschland,,Frankfurt am Main,60314,Hanauer Landstraße,146
https://fame-creativelab.com/datenschutz/,Deutschland,Dithmarschen,Tensbüttel-Röst,25767,Landstraße I O 146,
https://fame-creativelab.com/datenschutz/,Deutschland,,Frankfurt am Main,60314,Hanauer Landstraße,146
https://fame-creativelab.com/datenschutz/,Deutschland,,Essen,45127,Gänsemarkt,43
https://fame-creativelab.com/datenschutz/,Deutschland,,Hamburg,20354,Gänsemarkt,43
https://www.bzweic.de/impressum/,Deutschland,Landkreis Esslingen,,73230,Jesinger Straße,52
https://www.bzweic.de/datenschutz/,Deutschland,Landkreis Esslingen,,73230,Jesinger Straße,52
https://apartment-hotel.de/datenschutz.html,Deutschland,,Berlin,12109,Ullsteinstraße,130
https://apartment-hotel.de/datenschutz.html,Deutschland,,Hamburg,20537,Borstelmannsweg,
https://apartment-hotel.de/datenschutz.html,Deutschland,Kreis Pinneberg,Prisdorf,25497,Ohlrattweg,
https://apartment-hotel.de/impressum.html,Deutschland,,Hamburg,20537,Borstelmannsweg,
https://apartment-hotel.de/kontakt.html,Deutschland,,Hamburg,20537,Borstelmannsweg,
https://www.klingel-group.com/impressum/,Deutschland,,Pforzheim,75181,Hanauer Straße,
https://klingel-med.de,Deutschland,,Pforzheim,75181,Hanauer Straße,6
https://klingel-med.de,Deutschland,,Pforzheim,75181,Hanauer Straße,7
https://klingel-med.de,Deutschland,,Pforzheim,75181,Hanauer Straße,
https://www.klingel-group.com/kontakt/,Deutschland,,Pforzheim,75181,Hanauer Straße,
https://www.klingel-group.com/datenschutz/,Deutschland,,Stuttgart,70374,Ferdinand-Hanauer-Straße,
https://www.klingel-group.com/datenschutz/,Deutschland,,Pforzheim,75181,Hanauer Straße,
https://connectivisten.de/datenschutz,Deutschland,,Frankfurt am Main,60327,Westhafenplatz,1
https://connectivisten.de/datenschutz,Deutschland,,Darmstadt,64295,Berliner Allee,47
https://connectivisten.de/impressum,Deutschland,,Frankfurt am Main,60327,Westhafenplatz,1
https://connectivisten.de/impressum,Deutschland,,Darmstadt,64295,Berliner Allee,47
https://connectivisten.de,Deutschland,,Frankfurt am Main,60327,Westhafenplatz,1
https://connectivisten.de,Deutschland,,Darmstadt,64295,Berliner Allee,47
https://geco-event.com,Deutschland,,Mannheim,68199,Kiesteichweg,21
https://geco-event.com/impressum.html,Deutschland,,Mannheim,68199,Kiesteichweg,21
https://fs-etit.de/impressum-forum/,Deutschland,,Darmstadt,64283,Landgraf-Georg-Straße,4
https://fs-etit.de,Deutschland,,Darmstadt,64283,Landgraf-Georg-Straße,4
https://fs-etit.de/impressum/,Deutschland,,Darmstadt,64283,Landgraf-Georg-Straße,4
https://fs-etit.de/datenschutz-verein/,Deutschland,,Darmstadt,64283,Landgraf-Georg-Straße,4
http://private-arbeitsagentur.eu,Deutschland,Landkreis Roth,,91154,Zeughausgasse,4
https://zeninvest.de/impressum/,Schweiz/Suisse/Svizzera/Svizra,,Inwil,6302,Oberneuhofstrasse,1
https://quartier-theater.de/kontakt,Deutschland,Region Hannover,Hannover,30167,Kornstraße,31
https://quartier-theater.de/impressum,Deutschland,Region Hannover,Hannover,30167,Kornstraße,31
https://simple-fax.de/impressum,Deutschland,,Braunschweig,38126,Salzdahlumer Straße,196
https://sternen-schluchsee.de/datenschutz/,Deutschland,Landkreis Breisgau-Hochschwarzwald,Wildtal,79194,Talstraße,126
https://sternen-schluchsee.de/impressum/,Deutschland,,Freiburg im Breisgau,79104,Stadtstraße,2
https://cinepostproduction.de/contact/,Deutschland,Landkreis München,,85774,Beta-Straße,1
https://cinepostproduction.de/contact/,Deutschland,,Berlin,12051,Ringbahnstraße,16
https://cinepostproduction.de/datenschutz/,Deutschland,Landkreis München,,85774,Beta-Straße,1
https://neu.cinepost.de/impressum/,Deutschland,Landkreis München,,85774,Beta-Straße,1
https://kreutzer-consulting.com/impressum.html,Deutschland,,München,80337,Lindwurmstraße,109
https://kreutzer-consulting.com/kontakt.html,Deutschland,,München,80337,Lindwurmstraße,109
https://kreutzer-consulting.com,Deutschland,,München,80337,Lindwurmstraße,109
https://mooc-beratung.de/impressum/,Deutschland,,Hamburg,20099,Schmilinskystraße,45
https://mooc-beratung.de/kontakt/,Deutschland,,Hamburg,20099,Schmilinskystraße,45
https://hirschen.com/impressum/,Deutschland,,Berlin,10997,Schlesische Straße,26
https://honeymoments.de/datenschutz/,Deutschland,,Berlin,10785,Eichhornstraße,3
https://honeymoments.de/datenschutz/,Deutschland,,Berlin,10315,Rosenfelder Straße,
https://honeymoments.de/datenschutz/,Deutschland,,Berlin,10317,Rosenfelder Straße,
https://honeymoments.de/datenschutz/,Nederland,,Groningen,9743 AK,Atoomweg,6-5
https://honeymoments.de/datenschutz/,Deutschland,,Berlin,12621,Eichhornstraße,3
https://honeymoments.de/impressum/,Deutschland,Kreis Segeberg,,22846,Rathausallee,72-76
https://plu.de/blog/let-s-connect-around-the-globe-with-tain,Deutschland,,München,81241,Landsberger Straße,392
https://plu.de/kontakt,Deutschland,,Düsseldorf,40237,Grafenberger Allee,277-287
https://plu.de/kontakt,Deutschland,,Berlin,10779,Heilbronner Straße,
https://plu.de/kontakt,Deutschland,,München,81241,Landsberger Straße,392
https://plu.de/kontakt,Deutschland,,Hamburg,20354,Poststraße,2-4
https://plu.de/kontakt,Deutschland,,Düsseldorf,40213,Poststraße,
https://plu.de/kontakt,Deutschland,,Frankfurt am Main,60327,Heilbronner Straße,
https://plu.de/kontakt,Deutschland,,Düsseldorf,40599,Landsberger Straße,
https://plu.de/kontakt,Deutschland,,Frankfurt am Main,60329,Poststraße,2-4
https://plu.de/kontakt,Deutschland,,Berlin,10249,Platz der Vereinten Nationen,
https://plu.de/kontakt,Deutschland,,Berlin,10178,Poststraße,
https://plu.de/kontakt,Deutschland,,Düsseldorf,40593,Heilbronner Straße,
https://plu.de/kontakt,Deutschland,Landkreis München,,82152,Poststraße,
https://plu.de/kontakt,Deutschland,,Berlin,10557,Bertha-Benz-Straße,5
https://plu.de/impressum,Deutschland,,München,81241,Landsberger Straße,392
https://plu.de,Deutschland,,München,81241,Landsberger Straße,392
https://plu.de/datenschutz,Deutschland,,München,81241,Landsberger Straße,392
https://statt-theater.net/kontakt/impressum/,Deutschland,Landkreis Waldeck-Frankenberg,Mengeringhausen,34454,Lange Straße,14
https://www.nexworld.tv/nexworldtv/datenschutz/,Deutschland,Landkreis Starnberg,Leutstetten,82319,Altostraße,
https://www.nexworld.tv/nexworldtv/impressum/,Deutschland,,Berlin,10117,Reinhardtstraße,52
https://lcs-schlieben.de/impressum,Deutschland,Elbe-Elster,,04936,Gartenstraße,45
https://lcs-schlieben.de/impressum,Deutschland,Elbe-Elster,,04936,Gartenstraße,45
https://lcs-schlieben.de/kontakt,Deutschland,Elbe-Elster,,04936,Gartenstraße,45
https://pferdebild.de/kontakt/,Deutschland,Landkreis Oldenburg,Schönemoor,27777,Heider Weg,
https://pferdebild.de,Deutschland,Landkreis Oldenburg,Schönemoor,27777,Heider Weg,
https://pferdebild.de/impressum/,Deutschland,Landkreis Oldenburg,Schönemoor,27777,Heider Weg,
https://berlinlofts.com/en/impressum,Deutschland,,Berlin,10559,Stephanstraße,60
https://microdoc.com,Deutschland,,München,81925,Elektrastraße,6A
https://microdoc.com/contact/,Deutschland,,München,81925,Elektrastraße,6
https://microdoc.com/contact/,Deutschland,,München,81369,Novalisstraße,12
https://microdoc.com/contact/,Deutschland,,München,81925,Elektrastraße,6A
https://microdoc.com/contact/,Deutschland,,Berlin,10115,Novalisstraße,12
https://microdoc.com/contact/,Deutschland,,Stuttgart,70469,Bludenzer Straße,6
https://trelock.de/de/kontakt,Deutschland,,Münster,48149,Johann-Krane-Weg,37
https://trelock.de/de/kontakt,Deutschland,,Münster,48149,Johann-Krane-Weg,37
https://trelock.de/de/schloss/schloesser/rahmenschloesser/protect-o-connect-kabel,Deutschland,,Münster,48149,Johann-Krane-Weg,37
https://trelock.de/de/schloss/schloesser/rahmenschloesser/protect-o-connect-kabel,Deutschland,,Münster,48149,Johann-Krane-Weg,37
https://trelock.de,Deutschland,,Münster,48149,Johann-Krane-Weg,37
https://trelock.de,Deutschland,,Münster,48149,Johann-Krane-Weg,37
https://trelock.de/de/schloss/schloesser/rahmenschloesser/protect-o-connect-ketten,Deutschland,,Münster,48149,Johann-Krane-Weg,37
https://trelock.de/de/schloss/schloesser/rahmenschloesser/protect-o-connect-ketten,Deutschland,,Münster,48149,Johann-Krane-Weg,37
https://trelock.de/de/impressum,Deutschland,,Münster,48149,Johann-Krane-Weg,37
https://trelock.de/de/impressum,Deutschland,,Münster,48149,Johann-Krane-Weg,37
https://schmeckthal-gruppe.de/datenschutz/,Deutschland,,Wiesbaden,55252,Fritz-Ullmann-Straße,4
https://schmeckthal-gruppe.de/datenschutz/,Deutschland,,Bochum,44789,Waldring,43
https://schmeckthal-gruppe.de/impressum/,Deutschland,Westerwaldkreis,,56422,Boschring,7
https://schmeckthal-gruppe.de/impressum/,Deutschland,,Wiesbaden,55252,Fritz-Ullmann-Straße,4
https://schmeckthal-gruppe.de,Deutschland,Westerwaldkreis,,56422,Boschring,7
https://schmeckthal-gruppe.de,Deutschland,,Wiesbaden,55252,Fritz-Ullmann-Straße,4
https://airnergy.shop/info/mein-kontakt.html,Deutschland,Rhein-Sieg-Kreis,Allner,53773,Wehrstraße,
https://airnergy.shop/info/impressum.html,Deutschland,,Essen,45134,Wehrstraße,
https://airnergy.shop/info/impressum.html,Deutschland,,Essen,45134,Wehrstraße,
https://airnergy.shop/info/impressum.html,Deutschland,Rhein-Sieg-Kreis,Allner,53773,Wehrstraße,
https://airnergy.shop/info/impressum.html,Deutschland,Rhein-Sieg-Kreis,Allner,53773,Wehrstraße,
https://airnergy.shop,Deutschland,Städteregion Aachen,Werth,52224,Wehrstraße,
https://airnergy.shop,Deutschland,Rhein-Sieg-Kreis,Allner,53773,Wehrstraße,
https://airnergy.shop/info/privatsphaere-und-datenschutz.html,Deutschland,Rhein-Sieg-Kreis,Allner,53773,Wehrstraße,
https://airnergy.shop/info/privatsphaere-und-datenschutz.html,Deutschland,Rhein-Sieg-Kreis,,53773,Wehrstraße,26
https://airnergy.shop/info/privatsphaere-und-datenschutz.html,Deutschland,,Hamburg,20354,Dammtorstraße,29-32
https://littlesun.org/contact/,Deutschland,,Berlin,10119,Zehdenicker Straße,21
https://fogjoggers.com/contact/,Deutschland,,Köln,50937,Zülpicher Straße,221
https://fogjoggers.com/contact/,Deutschland,,Köln,50823,Vogelsanger Straße,82
https://fogjoggers.com/contact/,Deutschland,,Köln,50937,Zülpicher Straße,221
https://fogjoggers.com/contact/,Deutschland,,Köln,50823,Vogelsanger Straße,82
https://lightweb-media.de/impressum/,Deutschland,,Frankfurt am Main,60486,Voltastraße,84
https://lightweb-media.de/impressum/,Deutschland,Landkreis Garmisch-Partenkirchen,,82481,Gebirgspionierstraße,
https://diekavallerie.de/datenschutz/,Deutschland,,Hamburg,21107,Industriestraße,
https://diekavallerie.de/datenschutz/,Deutschland,,Hamburg,22045,Köpenicker Straße,
https://diekavallerie.de/datenschutz/,Deutschland,Landkreis Weißenburg-Gunzenhausen,Frickenfelden,91710,Industriestraße,25
https://diekavallerie.de/datenschutz/,Deutschland,,Berlin,12099,Industriestraße,25
https://diekavallerie.de/datenschutz/,Deutschland,,Berlin,10179,Köpenicker Straße,126
https://diekavallerie.de/datenschutz/,Deutschland,Landkreis Tübingen,,72070,Rosentalstraße,8-12
https://diekavallerie.de/datenschutz/,Deutschland,Landkreis Tübingen,Hirschau,72070,Industriestraße,
https://diekavallerie.de/impressum/,Deutschland,Landkreis Tübingen,,72070,Rosentalstraße,8-12
https://severn.de,Deutschland,,Frankfurt am Main,60437,Berner Straße,74
https://severn.de/kontakt/,Deutschland,,Frankfurt am Main,60437,Berner Straße,74
https://hohnwerbetechnik.com,Deutschland,Landkreis Heilbronn,Flein,74223,Klingenberger Straße,4
https://hohnwerbetechnik.com,Deutschland,Landkreis Heilbronn,Abstatt,74232,Fabrikstraße,8
https://wandres.com/datenschutz/,Deutschland,Landkreis Breisgau-Hochschwarzwald,Stegen,79252,Im Gewerbepark,8
https://wandres.com/impressum/,Deutschland,Landkreis Breisgau-Hochschwarzwald,Stegen,79252,Im Gewerbepark,8
https://wiblishauser-seminare.de/impressum/,Deutschland,,München,80798,Schellingstraße,109a
https://wiblishauser-seminare.de/impressum/,Deutschland,,München,80798,Schellingstraße,109a
https://wiblishauser-seminare.de/datenschutz/,Deutschland,,München,80798,Schellingstraße,109a
https://horizont.com/de/Metanavigation/datenschutz,Deutschland,Landkreis Waldeck-Frankenberg,,34497,Homberger Weg,
https://horizont.com/de/Metanavigation/datenschutz,Deutschland,Landkreis Waldeck-Frankenberg,Mengeringhausen,34454,Mengeringhäuser Straße,15
https://horizont.com/de/Metanavigation/impressum,Deutschland,Landkreis Waldeck-Frankenberg,,34497,Homberger Weg,
https://horizont.com,Deutschland,Landkreis Waldeck-Frankenberg,,34497,Homberger Weg,
https://horizont.com/de/c/kontakt,Deutschland,Landkreis Waldeck-Frankenberg,,34497,Homberger Weg,
https://alexander-training.de/impressum,Deutschland,Landkreis Offenbach,,63263,Goethestraße,112
https://mekos.de/impressum/,Deutschland,,Berlin,10589,Lise-Meitner-Straße,6
https://mekos.de/impressum/,Deutschland,,Berlin,10627,Kantstraße,99
https://mekos.de/impressum/,Deutschland,,Bremen,28359,Lise-Meitner-Straße,6
https://mekos.de/impressum/,Deutschland,,Bremen,28201,Kantstraße,99
https://mekos.de/datenschutz/,Deutschland,,Bremen,28359,Lise-Meitner-Straße,6
https://china-outbound.com,Deutschland,,Hamburg,22081,Gluckstraße,57
https://das-comitee.com/kontakt/,Deutschland,,Hamburg,22081,Oberaltenallee,20
https://das-comitee.com/kontakt/,Deutschland,,Hamburg,22081,Oberaltenallee,20
https://das-comitee.com/impressum/,Deutschland,,Hamburg,22767,Thadenstraße,134
http://altec-cs.com/Impressum,Deutschland,Region Hannover,,30855,Bayernstraße,10
http://altec-cs.com/Kontakt,Deutschland,Region Hannover,,30855,Bayernstraße,10
https://www.scoop-yard.de/impressum/,Deutschland,,Hamburg,20253,Hoheluftchaussee,40
https://scoop-yard.de,Deutschland,,Hamburg,20253,Hoheluftchaussee,40
https://www.scoop-yard.de/kontakt/,Deutschland,,Hamburg,20253,Hoheluftchaussee,40
https://www.scoop-yard.de/kontakt/,Deutschland,,Hamburg,20253,Eppendorfer Weg,
https://www.scoop-yard.de/datenschutz/,Deutschland,,Hamburg,20354,Dammtorstraße,29-32
https://www.scoop-yard.de/datenschutz/,Deutschland,,Hamburg,20253,Hoheluftchaussee,40
https://www.scoop-yard.de/datenschutz/,Deutschland,,Hamburg,20253,Hoheluftchaussee,40
https://www.scoop-yard.de/datenschutz/,Deutschland,,Hamburg,20354,Dammtorstraße,29-32
https://drk-rhein-nahe.de/kontakt/anfahrtshinweis/,Deutschland,,Mainz,55131,Binger Straße,25
https://mester.de/impressum/,Deutschland,,München,80802,Königinstraße,28
https://xell-consulting.de/impressum,Deutschland,Landkreis Würzburg,Waldbüttelbrunn,97297,Seegarten,44
https://agbf.com/de/kontakt,Deutschland,,Berlin,14169,Seehofstraße,15
https://agbf.com,Deutschland,,Berlin,14169,Seehofstraße,15
https://agbf.com/en/contact,Deutschland,,Berlin,14169,Seehofstraße,15
https://agbf.com/de/impressum,Deutschland,,Berlin,14169,Seehofstraße,15
https://starface.com/kontakt/,Deutschland,Landkreis Karlsruhe,Spöck,76297,Adlerstraße,61
https://starface.com/produktwelt/connect-sip-trunk/,Deutschland,Landkreis Karlsruhe,Spöck,76297,Adlerstraße,61
https://starface.com,Deutschland,Landkreis Karlsruhe,Spöck,76297,Adlerstraße,61
https://starface.com/impressum/,Deutschland,,Berlin,12526,Adlerstraße,
https://starface.com/impressum/,Deutschland,,Karlsruhe,76137,Zimmerstraße,6
https://starface.com/impressum/,Deutschland,Landkreis Karlsruhe,Eggenstein-Leopoldshafen,76344,Max-Planck-Straße,"3,5"
https://starface.com/impressum/,Deutschland,,Berlin,10969,Zimmerstraße,6
https://starface.com/impressum/,Österreich,,Wien,1100,Gertrude-Fröhlich-Sandner-Straße,3
https://starface.com/impressum/,Deutschland,Landkreis Karlsruhe,Eggenstein-Leopoldshafen,76344,Max-Planck-Straße,"3,5"
https://starface.com/impressum/,Deutschland,Landkreis Karlsruhe,Spöck,76297,Adlerstraße,61
https://starface.com/impressum/,Deutschland,Landkreis Karlsruhe,Spöck,76297,Adlerstraße,61
https://starface.com/impressum/,Österreich,,Wien,1100,Alfred-Adler-Straße,
https://starface.com/impressum/,Deutschland,,Karlsruhe,76137,Zimmerstraße,6
https://starface.com/impressum/,Deutschland,,Berlin,12489,Max-Planck-Straße,3
https://fgk-cro.com/contact-de-com,Deutschland,,München,80339,Heimeranstraße,35
https://fgk-cro.com,Deutschland,,München,80339,Heimeranstraße,35
https://fgk-cro.com/about-us/locations-contact,Deutschland,,München,80801,Friedrichstraße,
https://fgk-cro.com/about-us/locations-contact,Deutschland,,München,80339,Heimeranstraße,35
https://fgk-cro.com/about-us/locations-contact,Deutschland,,Berlin,10117,Friedrichstraße,95
https://beds24.com/impressum.html,Deutschland,,Berlin,14199,Davoser Straße,1G
https://junge-presse.de/datenschutz/,Deutschland,,Essen,45134,Frankenstraße,185
https://junge-presse.de/kontakt/impressum/,Deutschland,,Essen,45134,Frankenstraße,185
https://raeume-zum-feiern.de/impressum.html,Deutschland,Görlitz,Quitzdorf am See - Kwětanecy,02906,Am Staudamm,24
https://raeume-zum-feiern.de/datenschutz.html,Deutschland,Görlitz,Quitzdorf am See - Kwětanecy,02906,Am Staudamm,24
https://raeume-zum-feiern.de/datenschutz.html,Deutschland,Landkreis Weißenburg-Gunzenhausen,Frickenfelden,91710,Industriestraße,25
https://cupcino.com/kontakt/,Deutschland,Kreis Paderborn,,33161,Paderborner Straße,33
https://cupcino.com/datenschutz/,Deutschland,Kreis Paderborn,Paderborn,33106,Pamplonastraße,19
https://cupcino.com/datenschutz/,Deutschland,,Düsseldorf,40468,Paderborner Straße,
https://cupcino.com/datenschutz/,Deutschland,,Düsseldorf,40213,Kavalleriestraße,2-4
https://cupcino.com/datenschutz/,Deutschland,Region Hannover,Hannover,30539,Paderborner Straße,
https://cupcino.com/datenschutz/,Deutschland,Kreis Paderborn,,33129,Paderborner Straße,33
https://cupcino.com/datenschutz/,Deutschland,Kreis Paderborn,,33161,Paderborner Straße,33
https://cupcino.com/datenschutz/,Deutschland,,Hamburg,20354,Dammtorstraße,30
https://cupcino.com/impressum/,Deutschland,Kreis Paderborn,,33161,Paderborner Straße,33
https://pulscamp.de,Deutschland,,Berlin,10317,Kaskelstraße,53
https://pulscamp.de/impressum,Deutschland,,Berlin,10317,Kaskelstraße,53
https://a-maze.net,Deutschland,,Berlin,10115,Brunnenstraße,153
https://vsda.de/impressum/,Deutschland,,Darmstadt,64289,Zimmermannweg,28
https://vsda.de/impressum/,Deutschland,,Darmstadt,64285,Bessunger Straße,"3,5"
https://vsda.de/impressum/,Deutschland,,Darmstadt,64289,Zimmermannweg,28
https://vsda.de/impressum/,Deutschland,,Darmstadt,64285,Bessunger Straße,"3,5"
https://vsda.de/datenschutz/,Deutschland,,Darmstadt,64289,Zimmermannweg,28
https://vsda.de/kontakt/,Deutschland,,Darmstadt,64289,Zimmermannweg,28
https://spindash.de/impressum,Schweiz/Suisse/Svizzera/Svizra,,,6003,Baselstrasse,47
https://unwomen.de/datenschutz/,Deutschland,,Berlin,10115,Anklamer Straße,38
https://unwomen.de/datenschutz/,Deutschland,,Augsburg,86150,Schießgrabenstraße,32
https://unwomen.de/datenschutz/,Deutschland,,Rostock,18057,Anklamer Straße,
https://unwomen.de/datenschutz/,Deutschland,,Köln,50668,Konrad-Adenauer-Ufer,85
https://unwomen.de/datenschutz/,Deutschland,,Bonn,53115,Wittelsbacherring,9
https://unwomen.de/datenschutz/,Deutschland,Main-Taunus-Kreis,,65439,Konrad-Adenauer-Ufer,
https://unwomen.de/kontakt/,Deutschland,,Berlin,10115,Anklamer Straße,38
https://unwomen.de/kontakt/,Deutschland,,Bonn,53115,Wittelsbacherring,9
https://unwomen.de/impressum/,Deutschland,,Bonn,53115,Wittelsbacherring,9
https://unwomen.de/impressum/,Deutschland,,München,81829,Stahlgruberring,3
https://fgk-rs.com/footer/contact,Deutschland,,München,80339,Heimeranstraße,35
https://fgk-rs.com/footer/contact,Nederland,,,4731 RA,Vaartweg,36
https://andymagro.com/contact/,Österreich,,Wien,1170,Horneckgasse,6
https://andymagro.com/contact/,Deutschland,Mansfeld-Südharz,,06526,Marienstraße,
https://andymagro.com/contact/,Deutschland,Landkreis Merzig-Wadern,Niederlosheim,66679,Marienstraße,13
https://weareforeal.com,Deutschland,,Trier,54290,Seizstraße,
https://mysumtu.com/datenschutz/,Deutschland,,Hamburg,20354,Dammtorstraße,29-32
https://mysumtu.com/datenschutz/,Deutschland,Region Hannover,Blumenau,31515,Luther Weg,
https://mysumtu.com/impressum/,Deutschland,Region Hannover,Blumenau,31515,Luther Weg,
https://pyrotechnik24.com/datenschutz/,Deutschland,,Berlin,12277,Rigistraße,
https://pyrotechnik24.com/datenschutz/,Deutschland,,Köln,50823,Subbelrather Straße,15
https://pyrotechnik24.com/datenschutz/,Deutschland,Landkreis Weilheim-Schongau,Hohenpeißenberg,82383,Rigistraße,
https://pyrotechnik24.com/impressum/,Deutschland,,Berlin,12277,Rigistraße,8
https://pyrotechnik24.com/impressum/,Deutschland,Landkreis Weilheim-Schongau,Hohenpeißenberg,82383,Rigistraße,8
https://pyrotechnik24.com/impressum/,Deutschland,,Berlin,10559,Turmstraße,21
https://pyrotechnik24.com/impressum/,Deutschland,Landkreis Weilheim-Schongau,Hohenpeißenberg,82383,Rigistraße,8
https://pyrotechnik24.com/impressum/,Deutschland,,Berlin,12277,Rigistraße,8
https://pyrotechnik24.com/impressum/,Deutschland,,Berlin,12277,Rigistraße,8
https://pyrotechnik24.com/impressum/,Deutschland,,Mannheim,68163,Hermsheimer Straße,3
https://pyrotechnik24.com/impressum/,Deutschland,,Berlin,12277,Rigistraße,8
https://pyrotechnik24.com/impressum/,Deutschland,,Berlin,10559,Turmstraße,21
https://pyrotechnik24.com/impressum/,Deutschland,Landkreis Miltenberg,Großwallstadt,63868,Turmstraße,21
https://pyrotechnik24.com/produkte/datenschutz,Deutschland,,Berlin,12277,Rigistraße,
https://pyrotechnik24.com/produkte/datenschutz,Deutschland,,München,81373,Radlkoferstraße,2
https://pyrotechnik24.com/produkte/datenschutz,Deutschland,,München,81373,Radlkoferstraße,2
https://pyrotechnik24.com/produkte/datenschutz,Deutschland,,Hamburg,22763,Friedensallee,
https://pyrotechnik24.com/produkte/datenschutz,Deutschland,,Köln,50823,Subbelrather Straße,15
https://pyrotechnik24.com/produkte/datenschutz,Deutschland,,Berlin,10557,Simsonweg,
https://pyrotechnik24.com/produkte/datenschutz,Deutschland,Landkreis Weilheim-Schongau,Hohenpeißenberg,82383,Rigistraße,
https://pyrotechnik24.com/kontakt/,Deutschland,Landkreis Weilheim-Schongau,Hohenpeißenberg,82383,Rigistraße,
https://pyrotechnik24.com/kontakt/,Deutschland,,Berlin,12277,Rigistraße,
https://pyrotechnik24.com,Deutschland,,Berlin,12277,Rigistraße,10
https://pyrotechnik24.com,Deutschland,Landkreis Weilheim-Schongau,Hohenpeißenberg,82383,Rigistraße,
https://www.pennyanderson.com/contact,United Kingdom,Derbyshire,High Peak,SK17 6NS,Park Road,
https://inovix.net,United Kingdom,Derby,Derby,DE1 1DF,Friar Gate,83
https://web-design-studios.com/gainsborough/web-studios/contact-us.html,United Kingdom,Lincolnshire,West Lindsey,DN21 1DU,Strafford Street,
https://snaresbrookprep.org/about-us/contact-us,United Kingdom,,London,E18 2EB,Woodford Road,
https://snaresbrookprep.org,United Kingdom,,London,E18 2EB,Woodford Road,
https://rgr-garages.co.uk,United Kingdom,Central Bedfordshire,Cranfield,MK43 0DG,High Street,
https://www.fasthosts.co.uk/contact?utm_source=domainparking&utm_medium=referral&utm_campaign=fh_parking_contact,United Kingdom,Gloucestershire,Gloucester,GL1 2EX,Southgate Street,154
https://standard-alarms.com,United Kingdom,Northumberland,,NE24 1BD,Bowes Street,
https://standard-alarms.com,United Kingdom,Northumberland,,NE24 1BD,Bowes Street,
https://standard-alarms.com/contact,United Kingdom,Northumberland,,NE24 1BD,Bowes Street,
https://perfectprofilesclinics.co.uk,United Kingdom,Central Bedfordshire,,LU5 5ES,,
https://kcrtransport.co.uk,United Kingdom,Derbyshire,South Derbyshire,DE11 7ND,Burton Road,
https://apptivation.co.uk,United Kingdom,,London,E1 7NE,Brune Street,
https://allaboutvenues.com/contact/,United Kingdom,Cheshire East,,SK11 9RR,Congleton Road,
https://allaboutvenues.com,United Kingdom,Cheshire East,,SK11 9RR,Congleton Road,
https://ratio.co.uk/contact/,United Kingdom,"Bournemouth, Christchurch and Poole",,BH1 1BZ,Albert Road,18
https://ratio.co.uk,United Kingdom,"Bournemouth, Christchurch and Poole",,BH1 1BZ,Albert Road,18
https://paynes-heating.co.uk/contact,United Kingdom,East Sussex,Wealden,TN22 5JD,Lewes Road,
https://paynes-heating.co.uk,United Kingdom,East Sussex,Wealden,TN22 5JD,Lewes Road,
https://cspc.co.uk/contact-us/,United Kingdom,,Leeds,LS16 5LG,Otley Road,
https://cspc.co.uk/contact-us/,United Kingdom,,Leeds,LS16 5LG,Otley Road,
https://cspc.co.uk,United Kingdom,,Leeds,LS16 5LG,Otley Road,
https://optima-life.com/contact-us/,United Kingdom,Hertfordshire,St Albans,AL3 5PB,Waverley Road,
https://sjhub.org.uk,United Kingdom,,London,HA6 1HF,,
https://sjhub.org.uk,United Kingdom,Hertfordshire,Three Rivers,WD3 4HF,The Drive,
https://stationcars.co.uk,United Kingdom,,London,SW17 7TW,Upper Tooting Road,100
https://revolutionkarting.com,United Kingdom,,London,E3 4LD,Burdett Road,422-424
https://comfygroup.co.uk/contact,United Kingdom,,,M24 2HD,Hanson Close,
https://onerockinternational.com,United Kingdom,,London,SW1H 9NH,Storey's Gate,
https://onerockinternational.com/contact/,United Kingdom,,London,SW1H 9NH,Storey's Gate,
https://corporateentertainmentco.co.uk,United Kingdom,East Sussex,Wealden,TN22 2AJ,Ringles Cross,
https://corporateentertainmentco.co.uk,United Kingdom,East Sussex,Wealden,TN22 2AJ,Ringles Cross,
https://corporateentertainmentco.co.uk/contact/,United Kingdom,East Sussex,Wealden,TN22 2AJ,Ringles Cross,
https://corporateentertainmentco.co.uk/contact/,United Kingdom,East Sussex,Wealden,TN22 2AJ,Ringles Cross,
https://plasma-clean.com,United Kingdom,,Bardsley,OL8 2LP,Dowry Street,
https://plasma-clean.com/contact-us/,United Kingdom,,Bardsley,OL8 2LP,Dowry Street,
https://plasma-clean.com/contact-us/,United Kingdom,,Bardsley,OL8 2LP,Dowry Street,
https://watts1874.co.uk/pages/contact-us,United Kingdom,,London,SW10 0XF,Chelsea Harbour Drive,
https://netmera.com/contact-us/,United Kingdom,,City of London,EC2A 2EX,Primrose Street,1
https://platipus-anchors.com/contact-us/,United Kingdom,Surrey,Reigate and Banstead,RH1 4DN,Philanthropic Road,
https://platipus-anchors.com/contact-us/,United Kingdom,Surrey,Reigate and Banstead,RH1 4DN,Philanthropic Road,
https://platipus-anchors.com,United Kingdom,Surrey,Reigate and Banstead,RH1 4DN,Philanthropic Road,
https://www.ungagged.com/contact/,United Kingdom,,London,EC1M 5SY,Turnmill Street,88
https://www.fasthosts.co.uk/contact?utm_source=domainparking&utm_medium=referral&utm_campaign=fh_parking_contact,United Kingdom,Gloucestershire,Gloucester,GL1 2EX,Southgate Street,154
https://greentimber.com,United Kingdom,Hertfordshire,East Hertfordshire,CM21 0ND,Parsonage Lane,
https://royalacademyofculinaryarts.org.uk,United Kingdom,,London,SW1P 2PD,Vincent Square,76
https://swaleviewpark.co.uk/contact/,United Kingdom,North Yorkshire,,DL10 4TR,Reeth Road,
https://swaleviewpark.co.uk/contact/,United Kingdom,North Yorkshire,,DL10 4TR,Reeth Road,
https://swaleviewpark.co.uk,United Kingdom,North Yorkshire,,DL10 4TR,Reeth Road,
https://thompsonbrothers.net/contact/,United Kingdom,,City of London,EC3R 7NE,Mark Lane,55
https://thompsonbrothers.net,United Kingdom,,City of London,EC3R 7NE,Mark Lane,55
https://rentalsandsales.co.uk/contact,United Kingdom,,London,SW19 1UT,South Road,
https://worldoffootball.com,United Kingdom,,City of Edinburgh,EH4 5EJ,Marine Drive,25
https://worldoffootball.com/contact-us/,United Kingdom,,City of Edinburgh,EH4 5EJ,Marine Drive,25
https://worldoffootball.com/contact-us/,United Kingdom,,City of Edinburgh,EH4 5EJ,Marine Drive,25
https://pelicanprocurement.co.uk,United Kingdom,Hampshire,Rushmoor,,,
https://causalens.com/contact-us/,United Kingdom,,London,W6 7BY,Hammersmith Road,149
https://chestnutcaregloucester.co.uk,United Kingdom,Gloucestershire,Gloucester,GL2 5BW,Podsmead Road,
https://eggarforresterinsurance.com,United Kingdom,,City of London,EC2V 5DU,Basinghall Street,
https://eggarforresterinsurance.com/contact/,United Kingdom,,City of London,EC2V 5DU,Basinghall Street,
https://eggarforresterinsurance.com/contact/,United Kingdom,,City of London,EC2V 5DU,Basinghall Street,
http://prospecttraining.co.uk/index.php/contact-us/,United Kingdom,,Doncaster,S64 0HL,Doncaster Road,
https://thegainsboroughbathspa.co.uk/pages/contact-us.html,United Kingdom,Bath and North East Somerset,Bath,BA1 1TP,Southgate Street,
https://thegainsboroughbathspa.co.uk/pages/contact-us.html,United Kingdom,Bath and North East Somerset,Bath,BA1 1UN,Avon Street,
https://nicheworks.co.uk,United Kingdom,,City of Edinburgh,EH15 1JZ,Duddingston Park,32A
https://nicheworks.co.uk/contact/,United Kingdom,,City of Edinburgh,EH15 1JZ,Duddingston Park,32A
https://nicheworks.co.uk/contact/,United Kingdom,,City of Edinburgh,EH15 1JZ,Duddingston Park,32A
https://adfertech.com/contact.html,United Kingdom,County Antrim,Belfast,BT7 1NG,University Road,
https://thinkvideo.net/contact-us/,United Kingdom,Shropshire,,SY1 1UW,Butcher Row,
https://thinkvideo.net/contact-us,United Kingdom,Shropshire,,SY1 1UW,Butcher Row,
https://thinkvideo.net,United Kingdom,Shropshire,,SY1 1UW,Butcher Row,
https://balconyshirts.co.uk/contact,United Kingdom,,London,UB8 1AB,Windsor Street,52A
https://praestoconsulting.com,United Kingdom,Darlington,,,,
https://praestoconsulting.com/contact-us/,United Kingdom,Surrey,Runnymede,TW18 3AG,,
https://praestoconsulting.com/contact-us/,United Kingdom,Darlington,,,,
https://recruitmentmarketinginternational.com/contact/,United Kingdom,,London,HA4 7AT,King Edwards Road,
https://ihc-uk.com,United Kingdom,East Sussex,Wealden,BN27 3JU,Apex Park,
https://bakers-solicitors.com/contact-us,United Kingdom,Derbyshire,High Peak,SK13 7AB,Bernard Street,
https://mannering-rubber.co.uk/contact-us.php.html,United Kingdom,,Bradford,BD4 7ES,Bowling Park Close,
https://monalisasmiles.co.uk/contact-us/,United Kingdom,,London,EN5 1PX,Station Road,83
https://monalisasmiles.co.uk/contact-us/,United Kingdom,,London,EN5 1PX,Station Road,83
https://monalisasmiles.co.uk/contact-us/,United Kingdom,,London,EN5 1PX,Station Road,83
https://monalisasmiles.co.uk,United Kingdom,,London,EN5 1PX,Station Road,83
https://monalisasmiles.co.uk,United Kingdom,,London,EN5 1PX,Station Road,83
https://shutterworld.co.uk,United Kingdom,,Wakefield,WF5 8DL,Wilman Post,
https://shutterworld.co.uk/contact-us/,United Kingdom,,Wakefield,WF5 8DL,Wilman Post,
https://heckfordnorton.co.uk,United Kingdom,Hertfordshire,,SG1 3BU,Letchmore Road,
https://diskingcomputers.com/contact/,United Kingdom,West Sussex,Chichester,PO19 7BJ,,
https://diskingcomputers.com/contact/,United Kingdom,Surrey,Waverley,GU9 7RE,South Street,
https://diskingcomputers.com/contact/,United Kingdom,Surrey,Waverley,GU26 6TD,Tilford Road,
https://diskingcomputers.com/contact/,United Kingdom,Hampshire,East Hampshire,GU31 4JJ,Dragon Street,
https://thehungerproject.org.uk,United Kingdom,,London,WC2A 2JR,Bell Yard,7
https://thehungerproject.org.uk/contact-us/,United Kingdom,,London,WC2A 2JR,Bell Yard,7
https://shiresequestrian.com/contact/contactshires.html,United Kingdom,Herefordshire,,HR6 0QD,Southern Avenue,
https://shiresequestrian.com/horse/horse-boots/brushing-boots-protection/over-reach-boots,United Kingdom,Herefordshire,,HR6 0QD,Southern Avenue,
https://shiresequestrian.com,United Kingdom,Herefordshire,,HR6 0QD,Southern Avenue,
https://clarity4d.com,United Kingdom,Lincolnshire,South Kesteven,PE9 1RB,Broad Street,
http://blakeleysofbrighouse.co.uk,United Kingdom,,Calderdale,HD6 1NE,Canal Street,1
http://dukesbrewandque.com,United Kingdom,,London,N1 5AA,Downham Road,33
http://vectormanagement.co.uk/contact-us.php,United Kingdom,Suffolk,Mid Suffolk,,,
http://vectormanagement.co.uk/contact-us.php,United Kingdom,Suffolk,Mid Suffolk,,,
http://vectormanagement.co.uk,United Kingdom,Suffolk,Mid Suffolk,,,
http://firesecelec.net,United Kingdom,,Birmingham,B46 1NQ,Water Orton Lane,
http://picturethis-framing.co.uk,United Kingdom,,Bradford,BD2 2HN,Stony Lane,
http://picturethis-framing.co.uk/contact-us/,United Kingdom,,Bradford,BD2 2HN,Stony Lane,
http://royalegraphics.co.uk,United Kingdom,Nottinghamshire,City of Nottingham,NG9 8DJ,,72A
https://www.royalegraphics.co.uk/html/contact-us.html,United Kingdom,Nottinghamshire,City of Nottingham,NG9 8DJ,,72A
https://www.royalegraphics.co.uk/html/contact-us.html,United Kingdom,,City of Nottingham,NG7 2LR,Gregory Street,20
https://www.royalegraphics.co.uk/html/contact-us.html,United Kingdom,Nottinghamshire,City of Nottingham,NG9 8DJ,,72A
http://arcovohotelloyalty.com,United Kingdom,,London,EC1V 2NX,City Road,152
http://arcovohotelloyalty.com/contact-us/,United Kingdom,,London,EC1V 2NX,City Road,152
http://bill-medical.co.uk/contact,United Kingdom,Buckinghamshire,Chesham Bois,HP6 5AE,Chiltern Avenue,
http://bill-medical.co.uk/contact,United Kingdom,Buckinghamshire,Chesham Bois,HP6 5AE,Chiltern Avenue,
http://bill-medical.co.uk,United Kingdom,Buckinghamshire,Chesham Bois,HP6 5AE,Chiltern Avenue,
http://affordablecleaning.co.uk/contact.php,United Kingdom,City of Bristol,Bristol,BS3 2BX,Smyth Road,
